type,network,block_no,height,blockHash,index,time,txid,fee,confirmations,from,to,nonce,toIsContract,gasPrice,gasLimit,value,gasUsed,callTransfer/0/index,callTransfer/0/fromIsContract,callTransfer/0/from,callTransfer/0/to,callTransfer/0/value,callTransfer/0/gasUsed,callTransfer/0/gasLimit,tokenTransfer/0/index,tokenTransfer/0/token,tokenTransfer/0/tokenAddr,tokenTransfer/0/tokenSymbol,tokenTransfer/0/tokenDecimals,tokenTransfer/0/tokenInfo/h,tokenTransfer/0/tokenInfo/f,tokenTransfer/0/tokenInfo/s,tokenTransfer/0/tokenInfo/d,tokenTransfer/0/from,tokenTransfer/0/to,tokenTransfer/0/value,tokenTransfer/1/index,tokenTransfer/1/token,tokenTransfer/1/tokenAddr,tokenTransfer/1/tokenSymbol,tokenTransfer/1/tokenDecimals,tokenTransfer/1/tokenInfo/h,tokenTransfer/1/tokenInfo/f,tokenTransfer/1/tokenInfo/s,tokenTransfer/1/tokenInfo/d,tokenTransfer/1/from,tokenTransfer/1/to,tokenTransfer/1/value,tokenTransfer/2/index,tokenTransfer/2/token,tokenTransfer/2/tokenAddr,tokenTransfer/2/tokenSymbol,tokenTransfer/2/tokenDecimals,tokenTransfer/2/tokenInfo/h,tokenTransfer/2/tokenInfo/f,tokenTransfer/2/tokenInfo/s,tokenTransfer/2/tokenInfo/d,tokenTransfer/2/from,tokenTransfer/2/to,tokenTransfer/2/value,tokenTransfer/3/index,tokenTransfer/3/token,tokenTransfer/3/tokenAddr,tokenTransfer/3/tokenSymbol,tokenTransfer/3/tokenDecimals,tokenTransfer/3/tokenInfo/h,tokenTransfer/3/tokenInfo/f,tokenTransfer/3/tokenInfo/s,tokenTransfer/3/tokenInfo/d,tokenTransfer/3/from,tokenTransfer/3/to,tokenTransfer/3/value,callTransfer/1/index,callTransfer/1/fromIsContract,callTransfer/1/from,callTransfer/1/to,callTransfer/1/value,callTransfer/1/gasUsed,callTransfer/1/gasLimit,tokenTransfer/0/tokenInfo/c,tokenTransfer/0/valueIsNft,traceErr,receiptErr,,,
tx,ETH,12990977,12990977,0xba9a76aa690401fa86507284f3d435ec68d864060fe33b3730ec4f52fcc2bbec,0,1628512695,0x507d1ba35d3ddd5cbdf7830aea88f859f0b0f436d517c0f2d7f2404f117fe205,0.007752347,297,0xa06b25f5b7b455f0d6dce7c165f2e8b817e2f993,0x294e453c3f5758e562aa13c76ec376c70c0bdbad,607,1,35161544026,450000,0,220478,0,1,0x294e453c3f5758e562aa13c76ec376c70c0bdbad,0x3ecef08d0e2dad803847e052249bb4f8bff2d5bb,0.002318998,0,2300,0,0xc02aaa39b223fe8d0a0e5c4f27ead9083c756cc2,0xc02aaa39b223fe8d0a0e5c4f27ead9083c756cc2,WETH,18,0xc02aaa39b223fe8d0a0e5c4f27ead9083c756cc2,Wrapped Ether,WETH,18,0x283e2e83b7f3e297c4b7c02114ab0196b001a109,0x294e453c3f5758e562aa13c76ec376c70c0bdbad,1.20721E+18,0,0xc02aaa39b223fe8d0a0e5c4f27ead9083c756cc2,0xc02aaa39b223fe8d0a0e5c4f27ead9083c756cc2,WETH,18,0xc02aaa39b223fe8d0a0e5c4f27ead9083c756cc2,Wrapped Ether,WETH,18,0x294e453c3f5758e562aa13c76ec376c70c0bdbad,0xe5c5227d8105d8d5f26ff3634eb52e2d7cc15b50,1.19615E+18,0,0x00a8b738e453ffd858a7edf03bccfe20412f0eb0,0x00a8b738e453ffd858a7edf03bccfe20412f0eb0,ALBT,18,0x00a8b738e453ffd858a7edf03bccfe20412f0eb0,AllianceBlock Token,ALBT,18,0xe5c5227d8105d8d5f26ff3634eb52e2d7cc15b50,0x18a5c094d811e1ef9116fa0bbc5cd23a70cfcddd,6.2125E+21,0,0x967da4048cd07ab37855c090aaf366e4ce1b9f48,0x967da4048cd07ab37855c090aaf366e4ce1b9f48,OCEAN,18,0x967da4048cd07ab37855c090aaf366e4ce1b9f48,Ocean Token,OCEAN,18,0x18a5c094d811e1ef9116fa0bbc5cd23a70cfcddd,0x283e2e83b7f3e297c4b7c02114ab0196b001a109,6.53313E+21,,,,,,,,,,,,,,
tx,ETH,12990977,12990977,0xba9a76aa690401fa86507284f3d435ec68d864060fe33b3730ec4f52fcc2bbec,1,1628512695,0x66c69492cd9294f070be3305b4f9a18822e59093a07de8433bccee23a5664a1e,0.008193695,297,0x1c863a2ce15502c2414e9d0a5963dc767be2fac8,0x911605012f87a3017322c81fcb4c90ada7c09116,1164,1,35161544026,339756,3.32E-15,233030,1,1,0x911605012f87a3017322c81fcb4c90ada7c09116,0x3ecef08d0e2dad803847e052249bb4f8bff2d5bb,0.000912595,0,102363,1,0xc02aaa39b223fe8d0a0e5c4f27ead9083c756cc2,0xc02aaa39b223fe8d0a0e5c4f27ead9083c756cc2,WETH,18,0xc02aaa39b223fe8d0a0e5c4f27ead9083c756cc2,Wrapped Ether,WETH,18,0x88e6a0c2ddd26feeb64f039a2c41296fcb3f5640,0x911605012f87a3017322c81fcb4c90ada7c09116,6.17713E+17,1,0xa0b86991c6218b36c1d19d4a2e9eb0ce3606eb48,0xa0b86991c6218b36c1d19d4a2e9eb0ce3606eb48,USDC,6,0xa0b86991c6218b36c1d19d4a2e9eb0ce3606eb48,USD Coin,USDC,6,0xa0cf710f25e413c1e9c76ed6b7953b5d87b324bb,0x88e6a0c2ddd26feeb64f039a2c41296fcb3f5640,1925479725,1,0xc02aaa39b223fe8d0a0e5c4f27ead9083c756cc2,0xc02aaa39b223fe8d0a0e5c4f27ead9083c756cc2,WETH,18,0xc02aaa39b223fe8d0a0e5c4f27ead9083c756cc2,Wrapped Ether,WETH,18,0x911605012f87a3017322c81fcb4c90ada7c09116,0x80b4d4e9d88d9f78198c56c5a27f3bacb9a685c5,6.07649E+17,1,0xf65b5c5104c4fafd4b709d9d60a185eae063276c,0xf65b5c5104c4fafd4b709d9d60a185eae063276c,TRU,18,0xf65b5c5104c4fafd4b709d9d60a185eae063276c,Truebit,TRU,18,0x80b4d4e9d88d9f78198c56c5a27f3bacb9a685c5,0xa0cf710f25e413c1e9c76ed6b7953b5d87b324bb,6.19656E+21,,,,,,,,,,,,,,
tx,ETH,12990977,12990977,0xba9a76aa690401fa86507284f3d435ec68d864060fe33b3730ec4f52fcc2bbec,10,1628512695,0x69d434e9394869465499b485b976950441c7ae8a531770c696805fe0baa9f9d0,0.001782249,297,0xb1480c3a77ae27fe7d0179b0ecd76f786838caf1,0x3fdc64653199bed5f75a0e2770be197f353acbdb,4266,,84869005890,21000,0.12150237,21000,,,,,,,,,,,,,,,,,,,,,,,,,,,,,,,,,,,,,,,,,,,,,,,,,,,,,,,,,,,,,,,,,,,,,
tx,ETH,12990977,12990977,0xba9a76aa690401fa86507284f3d435ec68d864060fe33b3730ec4f52fcc2bbec,11,1628512695,0x2bdec4cb176c39d81cda5ca0725acc443ccdcb0a877e4471d68f97638d7a894d,0.003461298,297,0xef645da1ae472a719b973f3aaa20789d0152167f,0xdac17f958d2ee523a2206206994597c13d831ec7,9,1,83790398878,80000,0,41309,,,,,,,,11,0xdac17f958d2ee523a2206206994597c13d831ec7,0xdac17f958d2ee523a2206206994597c13d831ec7,USDT,6,0xdac17f958d2ee523a2206206994597c13d831ec7,Tether USD,USDT,6,0xef645da1ae472a719b973f3aaa20789d0152167f,0xb02f1329d6a6acef07a763258f8509c2847a0a3e,121841024,,,,,,,,,,,,,,,,,,,,,,,,,,,,,,,,,,,,,,,,,,,,,,,,,,
tx,ETH,12990977,12990977,0xba9a76aa690401fa86507284f3d435ec68d864060fe33b3730ec4f52fcc2bbec,12,1628512695,0x02926fea7193aed6d6d920a26852d1f8ebab3785d7856892b766bc39fb808f8e,0.003408984,297,0xf750e6c58aee1862eaf73e5ad60c1d53132497f1,0xdac17f958d2ee523a2206206994597c13d831ec7,24,1,82523991107,80000,0,41309,,,,,,,,12,0xdac17f958d2ee523a2206206994597c13d831ec7,0xdac17f958d2ee523a2206206994597c13d831ec7,USDT,6,0xdac17f958d2ee523a2206206994597c13d831ec7,Tether USD,USDT,6,0xf750e6c58aee1862eaf73e5ad60c1d53132497f1,0xb02f1329d6a6acef07a763258f8509c2847a0a3e,489000000,,,,,,,,,,,,,,,,,,,,,,,,,,,,,,,,,,,,,,,,,,,,,,,,,,
tx,ETH,12990977,12990977,0xba9a76aa690401fa86507284f3d435ec68d864060fe33b3730ec4f52fcc2bbec,13,1628512695,0x6550665f47dec473e6db792c14117932e2d0677a6d8977c559cd785a8abd7a19,0.00505672,297,0x01fe05e4890a2e5e556a6bb9a0d7642db6a76c1c,0xdac17f958d2ee523a2206206994597c13d831ec7,1341,1,80000000000,75000,0,63209,,,,,,,,13,0xdac17f958d2ee523a2206206994597c13d831ec7,0xdac17f958d2ee523a2206206994597c13d831ec7,USDT,6,0xdac17f958d2ee523a2206206994597c13d831ec7,Tether USD,USDT,6,0x01fe05e4890a2e5e556a6bb9a0d7642db6a76c1c,0xbbfcedefcc5e56282fc86f255738291ef7a6da81,3.15E+11,,,,,,,,,,,,,,,,,,,,,,,,,,,,,,,,,,,,,,,,,,,,,,,,,,
tx,ETH,12990977,12990977,0xba9a76aa690401fa86507284f3d435ec68d864060fe33b3730ec4f52fcc2bbec,14,1628512695,0x3c9096d70f601b0fdca1fcafe7f499d4b70799e090a73110c498ecff04c98b1b,0.003135412,297,0x28ec0f3f849843f42839d5997b43d9f437181ce4,0xdac17f958d2ee523a2206206994597c13d831ec7,1036,1,68000001561,50719,0,46109,,,,,,,,14,0xdac17f958d2ee523a2206206994597c13d831ec7,0xdac17f958d2ee523a2206206994597c13d831ec7,USDT,6,0xdac17f958d2ee523a2206206994597c13d831ec7,Tether USD,USDT,6,0x28ec0f3f849843f42839d5997b43d9f437181ce4,0x87c6a682cf58dc586540a855caf57d5e925a84c6,4874720000,,,,,,,,,,,,,,,,,,,,,,,,,,,,,,,,,,,,,,,,,,,,,,,,,,
tx,ETH,12990977,12990977,0xba9a76aa690401fa86507284f3d435ec68d864060fe33b3730ec4f52fcc2bbec,15,1628512695,0x3d96b4be3013763b95b0e8761bf7994bbdc7d10cb388012c7a4d2511e1fdccdf,0.004550924,297,0x31dff0cf605f9719b9171f6049150595cc1240f1,0xb4272071ecadd69d933adcd19ca99fe80664fc08,4652,1,62000000000,88082,0,73402,,,,,,,,15,0xb4272071ecadd69d933adcd19ca99fe80664fc08,0xb4272071ecadd69d933adcd19ca99fe80664fc08,XCHF,18,0xb4272071ecadd69d933adcd19ca99fe80664fc08,CryptoFranc,XCHF,18,0x31dff0cf605f9719b9171f6049150595cc1240f1,0x952a9e7b60075ab273e665aae4897b0c83776df7,2E+22,,,,,,,,,,,,,,,,,,,,,,,,,,,,,,,,,,,,,,,,,,,,,,,,,,
tx,ETH,12990977,12990977,0xba9a76aa690401fa86507284f3d435ec68d864060fe33b3730ec4f52fcc2bbec,16,1628512695,0xfca87b42d9e16702c87e95595de1a28382b0b434bfbe7953eceba7c3e19d5cd8,0.013008,297,0x78a622d8e6fd0fb9c7ada77b6bfb83bf84a2876a,0x7be8076f4ea4a4ad08075c2508e481d6c946d12b,781,1,60000000000,228807,0.12,216800,16,1,0x7be8076f4ea4a4ad08075c2508e481d6c946d12b,0x5b3256965e7c3cf26e11fcaf296dfc8807c01073,0.012,0,2300,16,0x5e34dacda29837f2f220d3d1aeaaabd1edca5bd1,0x5e34dacda29837f2f220d3d1aeaaabd1edca5bd1,SPOOK,0,0x5e34dacda29837f2f220d3d1aeaaabd1edca5bd1,Spookies,SPOOK,0,0x8efef6b061bda1a1712db316e059cbc8ebdcae4d,0x78a622d8e6fd0fb9c7ada77b6bfb83bf84a2876a,8861,,,,,,,,,,,,,,,,,,,,,,,,,,,,,,,,,,,,,16,1,0x7be8076f4ea4a4ad08075c2508e481d6c946d12b,0x8efef6b061bda1a1712db316e059cbc8ebdcae4d,0.108,0,2300,RC721,1,,,,,
tx,ETH,12990977,12990977,0xba9a76aa690401fa86507284f3d435ec68d864060fe33b3730ec4f52fcc2bbec,17,1628512695,0xcef6a6e604a650b6cc68a3fcc6023f576c11bf86b0e6e0e14fd9aeb723f0e0f8,0.003817483,297,0x00bdb5699745f5b860228c8f939abf1b9ae374ed,0x1522900b6dafac587d499a862861c0869be6e428,1224653,1,55048211406,500000,0,69348,,,,,,,,17,0xa0b86991c6218b36c1d19d4a2e9eb0ce3606eb48,0xa0b86991c6218b36c1d19d4a2e9eb0ce3606eb48,USDC,6,0xa0b86991c6218b36c1d19d4a2e9eb0ce3606eb48,USD Coin,USDC,6,0xdf519c225da0c75d4376cf1461d7bf7a219c3523,0x1522900b6dafac587d499a862861c0869be6e428,698043700,,,,,,,,,,,,,,,,,,,,,,,,,,,,,,,,,,,,,,,,,,,,,,,,,,
tx,ETH,12990977,12990977,0xba9a76aa690401fa86507284f3d435ec68d864060fe33b3730ec4f52fcc2bbec,18,1628512695,0x670ac576301c291e935a090639289e6fb786da715714489632f8cac87cdc4d1c,0.001098374,297,0x725e29f4be6423ffe337bc4fba68855baa02ce67,0x3675f7beb7f29bbc09c1e2b1f0ce718307273c24,59,,52303508835,21000,0.0655,21000,,,,,,,,,,,,,,,,,,,,,,,,,,,,,,,,,,,,,,,,,,,,,,,,,,,,,,,,,,,,,,,,,,,,,
tx,ETH,12990977,12990977,0xba9a76aa690401fa86507284f3d435ec68d864060fe33b3730ec4f52fcc2bbec,19,1628512695,0x7591951f0aa54732afbe7ce8e1625206b1a88f93c1392fe34364e6a5912d6d30,0.002007299,297,0x590eed3a6c8495689be9509f5a9d788be9d15130,0xe72752f55e69052ef40d989a843b9fa59e88b26b,17,1,49300000000,68709,0,40716,,,,,,,,,,,,,,,,,,,,,,,,,,,,,,,,,,,,,,,,,,,,,,,,,,,,,,,,,,,,,,,,,,,,,
tx,ETH,12990977,12990977,0xba9a76aa690401fa86507284f3d435ec68d864060fe33b3730ec4f52fcc2bbec,2,1628512695,0xf80402526380705351d123cd7a7b9aa971f9f154be10131ef1576530e89f527f,0.000738392,297,0x3ecef08d0e2dad803847e052249bb4f8bff2d5bb,0x67728062be48dd896a8e4374a7374a8a494ce3d0,356115,,35161544026,100000,0.04196265,21000,,,,,,,,,,,,,,,,,,,,,,,,,,,,,,,,,,,,,,,,,,,,,,,,,,,,,,,,,,,,,,,,,,,,,
tx,ETH,12990977,12990977,0xba9a76aa690401fa86507284f3d435ec68d864060fe33b3730ec4f52fcc2bbec,20,1628512695,0x6cd59c2e3d06bfcff5fb597edd16550c9c8639389d049712c5cdc8fb6a862e63,0.001314313,297,0x590eed3a6c8495689be9509f5a9d788be9d15130,0xe72752f55e69052ef40d989a843b9fa59e88b26b,18,1,50500000000,68709,0,26026,,,,,,,,,,,,,,,,,,,,,,,,,,,,,,,,,,,,,,,,,,,,,,,,,,,,,,,,,,,,,,,,,Reverted,Err status 0x0,,,
tx,ETH,12990977,12990977,0xba9a76aa690401fa86507284f3d435ec68d864060fe33b3730ec4f52fcc2bbec,21,1628512695,0x0cbb4bcebf84b96ccd4841c3b0531b4ff6dbf7f64c37d0776ae51137c168d41a,0.003099061,297,0xe59cd29be3be4461d79c0881d238cbe87d64595a,0xdac17f958d2ee523a2206206994597c13d831ec7,94727,1,49028789328,250000,0,63209,,,,,,,,21,0xdac17f958d2ee523a2206206994597c13d831ec7,0xdac17f958d2ee523a2206206994597c13d831ec7,USDT,6,0xdac17f958d2ee523a2206206994597c13d831ec7,Tether USD,USDT,6,0xe59cd29be3be4461d79c0881d238cbe87d64595a,0xc9d862314496abb0ab70393f4dc8cb2d32c46eae,316890000,,,,,,,,,,,,,,,,,,,,,,,,,,,,,,,,,,,,,,,,,,,,,,,,,,
tx,ETH,12990977,12990977,0xba9a76aa690401fa86507284f3d435ec68d864060fe33b3730ec4f52fcc2bbec,22,1628512695,0x9a12b83b08d4913652936fce5cc062ad0d9eb5428b4605844d944a5c9a331772,0.002536014,297,0xa1d8d972560c2f8144af871db508f0b0b10a3fbf,0x33f391f4c4fe802b70b77ae37670037a92114a7c,1346239,1,49028789328,127242,0,51725,,,,,,,,22,0x33f391f4c4fe802b70b77ae37670037a92114a7c,0x33f391f4c4fe802b70b77ae37670037a92114a7c,BURP,18,0x33f391f4c4fe802b70b77ae37670037a92114a7c,Burp,BURP,18,0xa1d8d972560c2f8144af871db508f0b0b10a3fbf,0x1f82d68c29981a4e8e4f6a8e9558940f6c133ed2,3.72581E+22,,,,,,,,,,,,,,,,,,,,,,,,,,,,,,,,,,,,,,,,,,,,,,,,,,
tx,ETH,12990977,12990977,0xba9a76aa690401fa86507284f3d435ec68d864060fe33b3730ec4f52fcc2bbec,23,1628512695,0x308ca25a80fff790cc93f3d8844a786cbda79656bc59032fd2874ac6ba70afd8,0.002864605,297,0xa1d8d972560c2f8144af871db508f0b0b10a3fbf,0x9b9647431632af44be02ddd22477ed94d14aacaa,1346240,1,49028789328,135955,0,58427,,,,,,,,23,0x9b9647431632af44be02ddd22477ed94d14aacaa,0x9b9647431632af44be02ddd22477ed94d14aacaa,KOK,18,0x9b9647431632af44be02ddd22477ed94d14aacaa,KOK Coin,KOK,18,0xa1d8d972560c2f8144af871db508f0b0b10a3fbf,0x5d5a2299b8f72f5315e5d43008c3d2daa00c8675,6.15197E+21,,,,,,,,,,,,,,,,,,,,,,,,,,,,,,,,,,,,,,,,,,,,,,,,,,
tx,ETH,12990977,12990977,0xba9a76aa690401fa86507284f3d435ec68d864060fe33b3730ec4f52fcc2bbec,24,1628512695,0x7edcc6f9add5928db0796109e4216423f70a23b89180a673c9ce8bd5f1a25c46,0.000951405,297,0xff6f47c30fc0ce79eb59f596b75b9d064c9811f1,0xc098b2a3aa256d2140208c3de6543aaef5cd3a94,20,,45305000000,21000,0.429762345,21000,,,,,,,,,,,,,,,,,,,,,,,,,,,,,,,,,,,,,,,,,,,,,,,,,,,,,,,,,,,,,,,,,,,,,
tx,ETH,12990977,12990977,0xba9a76aa690401fa86507284f3d435ec68d864060fe33b3730ec4f52fcc2bbec,25,1628512695,0x6edc45f8a557b4b4ff68f1966392393f7df9ec781c3237db84d0fde258570267,0.000951405,297,0x055947ceea9577a296dc9b5cdd66f3d8e9bdd867,0xc098b2a3aa256d2140208c3de6543aaef5cd3a94,0,,45305000000,21000,4.244625365,21000,,,,,,,,,,,,,,,,,,,,,,,,,,,,,,,,,,,,,,,,,,,,,,,,,,,,,,,,,,,,,,,,,,,,,
tx,ETH,12990977,12990977,0xba9a76aa690401fa86507284f3d435ec68d864060fe33b3730ec4f52fcc2bbec,26,1628512695,0x35a08c14fd0692fef8c42d4a9327e742bc2bd78c74e6988ae331de47360dc396,0.000951405,297,0x01fc46ee212078b51eed93a76f70d9d11f044de2,0xc098b2a3aa256d2140208c3de6543aaef5cd3a94,348,,45305000000,21000,0.260755255,21000,,,,,,,,,,,,,,,,,,,,,,,,,,,,,,,,,,,,,,,,,,,,,,,,,,,,,,,,,,,,,,,,,,,,,
tx,ETH,12990977,12990977,0xba9a76aa690401fa86507284f3d435ec68d864060fe33b3730ec4f52fcc2bbec,27,1628512695,0xa5a0ad4d0923fbf25d31ae7d8fcbb2f54713997ffcc36af5250313d0a7dbc9f5,0.000951405,297,0xa94d5b11d8c1285eaf2b53867ec2540674705011,0xc098b2a3aa256d2140208c3de6543aaef5cd3a94,1,,45305000000,21000,0.04560302,21000,,,,,,,,,,,,,,,,,,,,,,,,,,,,,,,,,,,,,,,,,,,,,,,,,,,,,,,,,,,,,,,,,,,,,
tx,ETH,12990977,12990977,0xba9a76aa690401fa86507284f3d435ec68d864060fe33b3730ec4f52fcc2bbec,28,1628512695,0x2567e8db1e918da9a4e535baaeb8a5696209cb246c4c03cbfdd1309df733d745,0.000948392,297,0x8fd00f170fdf3772c5ebdcd90bf257316c69ba45,0x09ae3e8e369b390d3801be31139ca4dd2108cd0c,3367360,,45161544026,100000,0.10998,21000,,,,,,,,,,,,,,,,,,,,,,,,,,,,,,,,,,,,,,,,,,,,,,,,,,,,,,,,,,,,,,,,,,,,,
tx,ETH,12990977,12990977,0xba9a76aa690401fa86507284f3d435ec68d864060fe33b3730ec4f52fcc2bbec,29,1628512695,0x3497ecba8eba56b8dc5e613c12f0e49ec3944053432ef346833c5721fd6af91c,0.001333575,297,0xeed9d3b4430563cdd8b7755d65f6bf002b01affd,0xcc8fa225d80b9c7d42f96e9570156c65d6caaa25,8,1,45000000000,68870,0,29635,,,,,,,,29,0xcc8fa225d80b9c7d42f96e9570156c65d6caaa25,0xcc8fa225d80b9c7d42f96e9570156c65d6caaa25,SLP,0,0xcc8fa225d80b9c7d42f96e9570156c65d6caaa25,Smooth Love Potion,SLP,0,0xeed9d3b4430563cdd8b7755d65f6bf002b01affd,0x28c6c06298d514db089934071355e5743bf21d60,17260,,,,,,,,,,,,,,,,,,,,,,,,,,,,,,,,,,,,,,,,,,,,,,,,,,
tx,ETH,12990977,12990977,0xba9a76aa690401fa86507284f3d435ec68d864060fe33b3730ec4f52fcc2bbec,3,1628512695,0x809e7159fd41e38ce4c3497a60f8cf24a67e67a8a707e093379c761a17173185,0.000738392,297,0x3ecef08d0e2dad803847e052249bb4f8bff2d5bb,0xff1bf2df4611eff368e38e4d630026c8e4323639,356116,,35161544026,100000,0.10142308,21000,,,,,,,,,,,,,,,,,,,,,,,,,,,,,,,,,,,,,,,,,,,,,,,,,,,,,,,,,,,,,,,,,,,,,
tx,ETH,12990977,12990977,0xba9a76aa690401fa86507284f3d435ec68d864060fe33b3730ec4f52fcc2bbec,30,1628512695,0xcfadabfabf296363bf3cf63bedd590f3047b4ba8f2b7ab8434973fe097c8e56e,0.001333575,297,0x6899392ebaa340555b736d47d8b2a9c27e1d0eb0,0xcc8fa225d80b9c7d42f96e9570156c65d6caaa25,1,1,45000000000,68870,0,29635,,,,,,,,30,0xcc8fa225d80b9c7d42f96e9570156c65d6caaa25,0xcc8fa225d80b9c7d42f96e9570156c65d6caaa25,SLP,0,0xcc8fa225d80b9c7d42f96e9570156c65d6caaa25,Smooth Love Potion,SLP,0,0x6899392ebaa340555b736d47d8b2a9c27e1d0eb0,0x28c6c06298d514db089934071355e5743bf21d60,4267,,,,,,,,,,,,,,,,,,,,,,,,,,,,,,,,,,,,,,,,,,,,,,,,,,
tx,ETH,12990977,12990977,0xba9a76aa690401fa86507284f3d435ec68d864060fe33b3730ec4f52fcc2bbec,31,1628512695,0x930721aac1edd903c194aecf209877602aa876ca223a8b6942b2535c46460b08,0.001333575,297,0x297a81622a8825d1c2aa6f1aecdc641c9ab3b283,0xcc8fa225d80b9c7d42f96e9570156c65d6caaa25,11,1,45000000000,68870,0,29635,,,,,,,,31,0xcc8fa225d80b9c7d42f96e9570156c65d6caaa25,0xcc8fa225d80b9c7d42f96e9570156c65d6caaa25,SLP,0,0xcc8fa225d80b9c7d42f96e9570156c65d6caaa25,Smooth Love Potion,SLP,0,0x297a81622a8825d1c2aa6f1aecdc641c9ab3b283,0x28c6c06298d514db089934071355e5743bf21d60,17246,,,,,,,,,,,,,,,,,,,,,,,,,,,,,,,,,,,,,,,,,,,,,,,,,,
tx,ETH,12990977,12990977,0xba9a76aa690401fa86507284f3d435ec68d864060fe33b3730ec4f52fcc2bbec,32,1628512695,0xa9230b502c6d946da5104ec10a3229f4414c29b0c0253c67300fc332cf3176f9,0.001333575,297,0xc74b61a6a31ad8ee9b6f61ca8c18f728e3cfac09,0xcc8fa225d80b9c7d42f96e9570156c65d6caaa25,40,1,45000000000,68870,0,29635,,,,,,,,32,0xcc8fa225d80b9c7d42f96e9570156c65d6caaa25,0xcc8fa225d80b9c7d42f96e9570156c65d6caaa25,SLP,0,0xcc8fa225d80b9c7d42f96e9570156c65d6caaa25,Smooth Love Potion,SLP,0,0xc74b61a6a31ad8ee9b6f61ca8c18f728e3cfac09,0x28c6c06298d514db089934071355e5743bf21d60,9977,,,,,,,,,,,,,,,,,,,,,,,,,,,,,,,,,,,,,,,,,,,,,,,,,,
tx,ETH,12990977,12990977,0xba9a76aa690401fa86507284f3d435ec68d864060fe33b3730ec4f52fcc2bbec,33,1628512695,0xaaf194a481fbe817274f37ea8c9dba82f892079afac52638919d820fc73d8789,0.003513015,297,0xb09c421d11cce6d8915be941c97b6f8de1198b75,0xc011a73ee8576fb46f5e1c5751ca3b9fe0af2a6f,12877,1,45000000000,166946,0,78067,,,,,,,,33,0xc011a73ee8576fb46f5e1c5751ca3b9fe0af2a6f,0xc011a73ee8576fb46f5e1c5751ca3b9fe0af2a6f,SNX,18,0xc011a73ee8576fb46f5e1c5751ca3b9fe0af2a6f,Synthetix Network Token,SNX,18,0xb09c421d11cce6d8915be941c97b6f8de1198b75,0x28c6c06298d514db089934071355e5743bf21d60,1.463E+21,,,,,,,,,,,,,,,,,,,,,,,,,,,,,,,,,,,,,,,,,,,,,,,,,,
tx,ETH,12990977,12990977,0xba9a76aa690401fa86507284f3d435ec68d864060fe33b3730ec4f52fcc2bbec,34,1628512695,0x02847a81243701f3c3f9f0ce596fe0d812af9994802e6cf7e4dac21b21d93a3a,0.001333575,297,0xf4b400811a13c23fe58af8451827b704978a10f3,0xcc8fa225d80b9c7d42f96e9570156c65d6caaa25,3,1,45000000000,68870,0,29635,,,,,,,,34,0xcc8fa225d80b9c7d42f96e9570156c65d6caaa25,0xcc8fa225d80b9c7d42f96e9570156c65d6caaa25,SLP,0,0xcc8fa225d80b9c7d42f96e9570156c65d6caaa25,Smooth Love Potion,SLP,0,0xf4b400811a13c23fe58af8451827b704978a10f3,0x28c6c06298d514db089934071355e5743bf21d60,12372,,,,,,,,,,,,,,,,,,,,,,,,,,,,,,,,,,,,,,,,,,,,,,,,,,
tx,ETH,12990977,12990977,0xba9a76aa690401fa86507284f3d435ec68d864060fe33b3730ec4f52fcc2bbec,35,1628512695,0xa7cba935ea2485669b684b4ebf7933325a3ad48762925448175df9af93613132,0.000927392,297,0xddfabcdc4d8ffc6d5beaf154f18b778f892a0740,0x1fb25b2237f6d60ecd4eeac2d35632115a55a13f,1307280,,44161544026,21000,1.60424548,21000,,,,,,,,,,,,,,,,,,,,,,,,,,,,,,,,,,,,,,,,,,,,,,,,,,,,,,,,,,,,,,,,,,,,,
tx,ETH,12990977,12990977,0xba9a76aa690401fa86507284f3d435ec68d864060fe33b3730ec4f52fcc2bbec,36,1628512695,0x5a048404002b246de7b2236d18d17fd7737234f5ceec58a8ceddfe1b3438e87c,0.001630268,297,0xddfabcdc4d8ffc6d5beaf154f18b778f892a0740,0x7d1afa7b718fb893db30a3abc0cfc608aacfebb0,1307281,1,44161544026,250000,0,36916,,,,,,,,36,0x7d1afa7b718fb893db30a3abc0cfc608aacfebb0,0x7d1afa7b718fb893db30a3abc0cfc608aacfebb0,MATIC,18,0x7d1afa7b718fb893db30a3abc0cfc608aacfebb0,Matic Token,MATIC,18,0xddfabcdc4d8ffc6d5beaf154f18b778f892a0740,0x823ada4b2cd0207ba4b7d0172630675eca03cb9e,3.09E+20,,,,,,,,,,,,,,,,,,,,,,,,,,,,,,,,,,,,,,,,,,,,,,,,,,
tx,ETH,12990977,12990977,0xba9a76aa690401fa86507284f3d435ec68d864060fe33b3730ec4f52fcc2bbec,37,1628512695,0x84a412b4e8dea7e22d90ddf02e324a5dc11e9fedb232d9efa1e9afd80923a93c,0.002791407,297,0xb5d85cbf7cb3ee0d56b3bb207d5fc4b82f43f511,0xdac17f958d2ee523a2206206994597c13d831ec7,1812838,1,44161544026,250000,0,63209,,,,,,,,37,0xdac17f958d2ee523a2206206994597c13d831ec7,0xdac17f958d2ee523a2206206994597c13d831ec7,USDT,6,0xdac17f958d2ee523a2206206994597c13d831ec7,Tether USD,USDT,6,0xb5d85cbf7cb3ee0d56b3bb207d5fc4b82f43f511,0x80098ba456f4458b6be2a0edc89ad7c858adc4fa,93779932,,,,,,,,,,,,,,,,,,,,,,,,,,,,,,,,,,,,,,,,,,,,,,,,,,
tx,ETH,12990977,12990977,0xba9a76aa690401fa86507284f3d435ec68d864060fe33b3730ec4f52fcc2bbec,38,1628512695,0xb6bccf3528785cced29e5f0988e55c8b339e3b274aae381034c8d750249a60a6,0.000915311,297,0x4ac92d60cb6415232e62db519657c33abdcd102f,0x456941293d47d709eb69361d84bd7c2a4bc37ebe,46546,,43586257362,21000,0.006,21000,,,,,,,,,,,,,,,,,,,,,,,,,,,,,,,,,,,,,,,,,,,,,,,,,,,,,,,,,,,,,,,,,,,,,
tx,ETH,12990977,12990977,0xba9a76aa690401fa86507284f3d435ec68d864060fe33b3730ec4f52fcc2bbec,39,1628512695,0xca71418b6070e0c538c611316ae8d0be40c375370646e54e46d4b418f1f6b612,0.009405605,297,0x7d233827ec2949f79894ff9b37e35ff51216d080,0x7be8076f4ea4a4ad08075c2508e481d6c946d12b,116,1,43000000000,228741,0.05,218735,39,1,0x7be8076f4ea4a4ad08075c2508e481d6c946d12b,0x5b3256965e7c3cf26e11fcaf296dfc8807c01073,0.00275,0,2300,,,,,,,,,,,,,,,,,,,,,,,,,,,,,,,,,,,,,,,,,,,,,,,,,39,1,0x7be8076f4ea4a4ad08075c2508e481d6c946d12b,0x8d96865d9bd689275fb35662f130d5356330ebec,0.04725,0,2300,,,,,,,
tx,ETH,12990977,12990977,0xba9a76aa690401fa86507284f3d435ec68d864060fe33b3730ec4f52fcc2bbec,4,1628512695,0xc6d3d3ee33d16728fab94d4eefb3ad7df52748d19f2735a01f6901f14b5e4828,0.000738392,297,0x3ecef08d0e2dad803847e052249bb4f8bff2d5bb,0xc167f6ec473aa32da5de436d977d1eea5df6adfb,356117,,35161544026,100000,0.00890677,21000,,,,,,,,,,,,,,,,,,,,,,,,,,,,,,,,,,,,,,,,,,,,,,,,,,,,,,,,,,,,,,,,,,,,,
tx,ETH,12990977,12990977,0xba9a76aa690401fa86507284f3d435ec68d864060fe33b3730ec4f52fcc2bbec,40,1628512695,0x2024bbe3eb56358d48b7db1c2e7a8fbd1119b736d8aa02db39c13950f9fa7721,0.009402251,297,0xdb24106bfaa506befb1806462332317d638b2d82,0x7be8076f4ea4a4ad08075c2508e481d6c946d12b,431,1,43000000000,235530,0.07,218657,40,1,0x7be8076f4ea4a4ad08075c2508e481d6c946d12b,0x5b3256965e7c3cf26e11fcaf296dfc8807c01073,0.007,0,2300,40,0x5e34dacda29837f2f220d3d1aeaaabd1edca5bd1,0x5e34dacda29837f2f220d3d1aeaaabd1edca5bd1,SPOOK,0,0x5e34dacda29837f2f220d3d1aeaaabd1edca5bd1,Spookies,SPOOK,0,0xb5eb64a6ece5d457c9607f7db90656e34958cd18,0xdb24106bfaa506befb1806462332317d638b2d82,6659,,,,,,,,,,,,,,,,,,,,,,,,,,,,,,,,,,,,,40,1,0x7be8076f4ea4a4ad08075c2508e481d6c946d12b,0xb5eb64a6ece5d457c9607f7db90656e34958cd18,0.063,0,2300,RC721,1,,,,,
tx,ETH,12990977,12990977,0xba9a76aa690401fa86507284f3d435ec68d864060fe33b3730ec4f52fcc2bbec,41,1628512695,0xe8428fd12451e4b2fc09829d65705c153e49180250f9cd36e8d090fbb767cbb0,0.001994942,297,0x1ae651184a458d5b7c9eadc798e12262f5de7e2b,0xc4f6e93aeddc11dc22268488465babcaf09399ac,5,1,43000000000,69591,0,46394,,,,,,,,,,,,,,,,,,,,,,,,,,,,,,,,,,,,,,,,,,,,,,,,,,,,,,,,,,,,,,,,,,,,,
tx,ETH,12990977,12990977,0xba9a76aa690401fa86507284f3d435ec68d864060fe33b3730ec4f52fcc2bbec,42,1628512695,0x291e82ee92f5c6b5d2b55ab892c5772a9ce32ce01741468a526edcf8c4aef0b0,0.001338538,297,0x2e3381202988d535e8185e7089f633f7c9998e83,0x33e7e9bac33ee273d7c81de3fc772fc65364810f,122459,1,42550000000,161397,2.505494019,31458,,,,,,,,,,,,,,,,,,,,,,,,,,,,,,,,,,,,,,,,,,,,,,,,,,,,,,,,,,,,,,,,,Reverted,Err status 0x0,,,
tx,ETH,12990977,12990977,0xba9a76aa690401fa86507284f3d435ec68d864060fe33b3730ec4f52fcc2bbec,43,1628512695,0x7d20811aefe6491dd0ac40d466d1508eb28fd225b455e61315b093bf923d8648,0.000893004,297,0x832f166799a407275500430b61b622f0058f15d6,0x43c576230e51888615f95d1d2079badaa91d220c,237358,,42523991107,80000,0.93835,21000,,,,,,,,,,,,,,,,,,,,,,,,,,,,,,,,,,,,,,,,,,,,,,,,,,,,,,,,,,,,,,,,,,,,,
tx,ETH,12990977,12990977,0xba9a76aa690401fa86507284f3d435ec68d864060fe33b3730ec4f52fcc2bbec,44,1628512695,0x5f9a5d2d02da75f4ecbe5f5f9e536bcb6e44a08aac1ca3e2e7e1f543d6a4abb1,0.003095946,297,0x447f95026107aaed7472a0470931e689f51e0e42,0xc1d2ca26a59e201814bf6af633c3b3478180e91f,3316,1,42000000000,92141,0,73713,,,,,,,,44,0x09a3ecafa817268f77be1283176b946c4ff2e608,0x09a3ecafa817268f77be1283176b946c4ff2e608,MIR,18,0x09a3ecafa817268f77be1283176b946c4ff2e608,Wrapped MIR Token,MIR,18,0xc1d2ca26a59e201814bf6af633c3b3478180e91f,0x447f95026107aaed7472a0470931e689f51e0e42,8.6323E+22,,,,,,,,,,,,,,,,,,,,,,,,,,,,,,,,,,,,,,,,,,,,,,,,,,
tx,ETH,12990977,12990977,0xba9a76aa690401fa86507284f3d435ec68d864060fe33b3730ec4f52fcc2bbec,45,1628512695,0x0ee31753261394104ed279021838b3e8843dd24f7cbb7d1dafaf9212111f260e,0.000861,297,0x938838df016b84ada79e98daa7d03621f90f3de0,0x9b9aa2985b37cbbd5858dc3fe07f45fce6b477fb,2,,41000000000,21000,2.541067561,21000,,,,,,,,,,,,,,,,,,,,,,,,,,,,,,,,,,,,,,,,,,,,,,,,,,,,,,,,,,,,,,,,,,,,,
tx,ETH,12990977,12990977,0xba9a76aa690401fa86507284f3d435ec68d864060fe33b3730ec4f52fcc2bbec,46,1628512695,0x13b315ea29127bf40e6b959168c28032aefee5336f7fd23d34f779dc727e49f5,0.000861,297,0xbd32b7d52ad93e5ebed20e607d48a23cb90c1f55,0x23f4569002a5a07f0ecf688142eeb6bcd883eef8,1,,41000000000,21000,0.147610567,21000,,,,,,,,,,,,,,,,,,,,,,,,,,,,,,,,,,,,,,,,,,,,,,,,,,,,,,,,,,,,,,,,,,,,,
tx,ETH,12990977,12990977,0xba9a76aa690401fa86507284f3d435ec68d864060fe33b3730ec4f52fcc2bbec,47,1628512695,0xa6d450b4bf14eba14320f5f4bcca27d41f70e1aabaddc78f4db1db1032e26eac,0.000861,297,0x3cd751e6b0078be393132286c442345e5dc49699,0xc085019ba012d860c1c8e3ce67a5a9e7b11a3f26,2054673,,41000000000,21000,0.01132293,21000,,,,,,,,,,,,,,,,,,,,,,,,,,,,,,,,,,,,,,,,,,,,,,,,,,,,,,,,,,,,,,,,,,,,,
tx,ETH,12990977,12990977,0xba9a76aa690401fa86507284f3d435ec68d864060fe33b3730ec4f52fcc2bbec,48,1628512695,0x4ebe34e6aa4911939916d6c08bdd49124430e8e61815e0eadd5ca4d878a4b487,0.000927392,297,0x3cd751e6b0078be393132286c442345e5dc49699,0xbfc6e34cb97d971734f5c1bcde759888645d9d7f,2054674,,44161544026,21000,0.2,21000,,,,,,,,,,,,,,,,,,,,,,,,,,,,,,,,,,,,,,,,,,,,,,,,,,,,,,,,,,,,,,,,,,,,,
tx,ETH,12990977,12990977,0xba9a76aa690401fa86507284f3d435ec68d864060fe33b3730ec4f52fcc2bbec,49,1628512695,0x2c7e0fc525c26f0e0dd7b3b7a612b66668dcab6ae6f727fde4beb051fdcb65c6,0.000861,297,0x3cd751e6b0078be393132286c442345e5dc49699,0xac15bf16943c4f5a388c1361cc04a15c6b3217a9,2054675,,41000000000,21000,0.0144569,21000,,,,,,,,,,,,,,,,,,,,,,,,,,,,,,,,,,,,,,,,,,,,,,,,,,,,,,,,,,,,,,,,,,,,,
tx,ETH,12990977,12990977,0xba9a76aa690401fa86507284f3d435ec68d864060fe33b3730ec4f52fcc2bbec,5,1628512695,0xcbeec98634c3b5b043eb0ce5fb41ce7a5262ef1c647157298fab00832c4a073c,0.000738392,297,0x3ecef08d0e2dad803847e052249bb4f8bff2d5bb,0xf628a7fc6d6ac81bfce6ddec3d38cc9947b62292,356118,,35161544026,100000,0.76846806,21000,,,,,,,,,,,,,,,,,,,,,,,,,,,,,,,,,,,,,,,,,,,,,,,,,,,,,,,,,,,,,,,,,,,,,
tx,ETH,12990977,12990977,0xba9a76aa690401fa86507284f3d435ec68d864060fe33b3730ec4f52fcc2bbec,6,1628512695,0xcf0744194c9f861e63b501ac067e89fcd3afdd75bbe45311bf5949ff912434bb,0.000738392,297,0x3ecef08d0e2dad803847e052249bb4f8bff2d5bb,0x9e1ad391d651342d9d4ab362feeda23abf1534f3,356119,,35161544026,100000,0.14967356,21000,,,,,,,,,,,,,,,,,,,,,,,,,,,,,,,,,,,,,,,,,,,,,,,,,,,,,,,,,,,,,,,,,,,,,
tx,ETH,12990977,12990977,0xba9a76aa690401fa86507284f3d435ec68d864060fe33b3730ec4f52fcc2bbec,7,1628512695,0xd1caaefd54c89653339145c87a292fbce087fb8566558fd31280b09918133a11,0.000738392,297,0x3ecef08d0e2dad803847e052249bb4f8bff2d5bb,0xb4da88cfeb83acee7eb5814b7d141cb2bc6c5f3b,356120,,35161544026,100000,0.03958068,21000,,,,,,,,,,,,,,,,,,,,,,,,,,,,,,,,,,,,,,,,,,,,,,,,,,,,,,,,,,,,,,,,,,,,,
tx,ETH,12990977,12990977,0xba9a76aa690401fa86507284f3d435ec68d864060fe33b3730ec4f52fcc2bbec,8,1628512695,0xfe3225f48ecdb66b43d0daad0f2409b245999d373f0efe9560576ba025c07688,0.000738392,297,0x3ecef08d0e2dad803847e052249bb4f8bff2d5bb,0xe84e29de2ff181b1926755d1d2f596014ac1de78,356121,,35161544026,100000,0.27747942,21000,,,,,,,,,,,,,,,,,,,,,,,,,,,,,,,,,,,,,,,,,,,,,,,,,,,,,,,,,,,,,,,,,,,,,
tx,ETH,12990977,12990977,0xba9a76aa690401fa86507284f3d435ec68d864060fe33b3730ec4f52fcc2bbec,9,1628512695,0x2da7ba3cf6de3b0e57d7273616ad3410a0c861e1ba92e4e6bdbbc89e44fc4c25,0.000738392,297,0x3ecef08d0e2dad803847e052249bb4f8bff2d5bb,0x309ba6816fc57730d0052db3243913a297218088,356122,,35161544026,100000,6.9521997,21000,,,,,,,,,,,,,,,,,,,,,,,,,,,,,,,,,,,,,,,,,,,,,,,,,,,,,,,,,,,,,,,,,,,,,
tx,ETH,12990977,12990977,0xba9a76aa690401fa86507284f3d435ec68d864060fe33b3730ec4f52fcc2bbec,50,1628512695,0x78c274c57ded4324220314303e1d462ae1e24ac0b9f52384af23a058dbb93584,0.000861,300,0x3cd751e6b0078be393132286c442345e5dc49699,0xd0939b9b0415dd6d34229619b954352cde301ad5,2054676,41000000000,21000,0.078,21000,,,,,,,,,,,,,,,,,,,,,,,,,,,,,,,,,,,,,,,,,,,,,,,,,,,,,,,,,,,,,,,,,,,,,,
tx,ETH,12990977,12990977,0xba9a76aa690401fa86507284f3d435ec68d864060fe33b3730ec4f52fcc2bbec,51,1628512695,0x23de18bd8a6c5b8490668121db6d5ef05c58c72d2902d9cd6138d96da6ec0b05,0.000861,300,0xdb0e89a9b003a28a4055ef772e345e8089987bfd,0x64d4f4424edbf1b235afcac202a29b5ea89f4a7a,62690,41000000000,21000,0.003705,21000,,,,,,,,,,,,,,,,,,,,,,,,,,,,,,,,,,,,,,,,,,,,,,,,,,,,,,,,,,,,,,,,,,,,,,
tx,ETH,12990977,12990977,0xba9a76aa690401fa86507284f3d435ec68d864060fe33b3730ec4f52fcc2bbec,52,1628512695,0xf6c0f3349b7e1d52e1a9587a8bebabc1c463731befb32c44315e1ffaeb0775f2,0.000861,300,0x69f8d8c279185c25faa612a08fc7e2530e4cbf18,0x944f4155f6ddbdb7987d0dfc71e3e03d0ea9f383,2902,41000000000,21000,0.00373058,21000,,,,,,,,,,,,,,,,,,,,,,,,,,,,,,,,,,,,,,,,,,,,,,,,,,,,,,,,,,,,,,,,,,,,,,
tx,ETH,12990977,12990977,0xba9a76aa690401fa86507284f3d435ec68d864060fe33b3730ec4f52fcc2bbec,53,1628512695,0x4f7e82f26087e23f14286079af9b041212df827a452299cd3a0f0e6c09c61f7f,0.001221636,300,0xc929681a80c4c624cb30a14c54f6a816644c0df5,0x4575f41308ec1483f3d399aa9a2826d74da13deb,3868,41000000000,250000,0,29796,1,53,0x4575f41308ec1483f3d399aa9a2826d74da13deb,0x4575f41308ec1483f3d399aa9a2826d74da13deb,OXT,18,0x4575f41308ec1483f3d399aa9a2826d74da13deb,Orchid,OXT,18,0xc929681a80c4c624cb30a14c54f6a816644c0df5,0xddfabcdc4d8ffc6d5beaf154f18b778f892a0740,1.9337E+22,,,,,,,,,,,,,,,,,,,,,,,,,,,,,,,,,,,,,,,,,,,,,,,,,,,,,,,,,
tx,ETH,12990977,12990977,0xba9a76aa690401fa86507284f3d435ec68d864060fe33b3730ec4f52fcc2bbec,54,1628512695,0x4ccdb551f83be4879afd9512ae76c0b0a0ec8639bd3f017fd4aadc4fedb2fcb8,0.000853755,300,0x690ed264f69fdc09dd2f438eb082d7233b897207,0x180d90bc8a18c30b413cde631d96fa6eecb5fcb2,147,40654988883,21000,0.5,21000,,,,,,,,,,,,,,,,,,,,,,,,,,,,,,,,,,,,,,,,,,,,,,,,,,,,,,,,,,,,,,,,,,,,,,
tx,ETH,12990977,12990977,0xba9a76aa690401fa86507284f3d435ec68d864060fe33b3730ec4f52fcc2bbec,55,1628512695,0x706fdfae0bbdbec10aecf59a3a81aa5ac9a1771bf17112b3220141cee00c4a3d,0.00084,300,0x8750cdfc0e8632f6e519c1279b39d96863047688,0xbe469430bdc41fc96dae89af6b19a63411427f9d,3,40000000000,21000,0.17,21000,,,,,,,,,,,,,,,,,,,,,,,,,,,,,,,,,,,,,,,,,,,,,,,,,,,,,,,,,,,,,,,,,,,,,,
tx,ETH,12990977,12990977,0xba9a76aa690401fa86507284f3d435ec68d864060fe33b3730ec4f52fcc2bbec,56,1628512695,0x8df4e0a092d7776546a0daf00001f2a88ff52c8e4201de33ea498ee26c37b49a,0.0012788,300,0x4bb15dbc0309896051b33a11f52b968eb39033ec,0x3a4f40631a4f906c2bad353ed06de7a5d3fcb430,0,40000000000,250000,0,31970,1,56,0x3a4f40631a4f906c2bad353ed06de7a5d3fcb430,0x3a4f40631a4f906c2bad353ed06de7a5d3fcb430,PLA,18,0x3a4f40631a4f906c2bad353ed06de7a5d3fcb430,PlayDapp Token,PLA,18,0x4bb15dbc0309896051b33a11f52b968eb39033ec,0x95a9bd206ae52c4ba8eecfc93d18eacdd41c88cc,2.14015E+21,,,,,,,,,,,,,,,,,,,,,,,,,,,,,,,,,,,,,,,,,,,,,,,,,,,,,,,,,
tx,ETH,12990977,12990977,0xba9a76aa690401fa86507284f3d435ec68d864060fe33b3730ec4f52fcc2bbec,57,1628512695,0xfc4cec0e8794d5f11d1cb635fe034b856ee14f4a1230c8b0cfd6b51b7f8bcee6,0.0012788,300,0x5734af2ec8e25b0ee85178f635cb2f5a87be761a,0x3a4f40631a4f906c2bad353ed06de7a5d3fcb430,0,40000000000,250000,0,31970,1,57,0x3a4f40631a4f906c2bad353ed06de7a5d3fcb430,0x3a4f40631a4f906c2bad353ed06de7a5d3fcb430,PLA,18,0x3a4f40631a4f906c2bad353ed06de7a5d3fcb430,PlayDapp Token,PLA,18,0x5734af2ec8e25b0ee85178f635cb2f5a87be761a,0x95a9bd206ae52c4ba8eecfc93d18eacdd41c88cc,4.997E+22,,,,,,,,,,,,,,,,,,,,,,,,,,,,,,,,,,,,,,,,,,,,,,,,,,,,,,,,,
tx,ETH,12990977,12990977,0xba9a76aa690401fa86507284f3d435ec68d864060fe33b3730ec4f52fcc2bbec,58,1628512695,0x233358fb746f191b6910a2e6033e4194e9b6f130af2873c8af583e6b728176c4,0.00127928,300,0x2c1c879085887ef427681996299703fe9f891348,0x3a4f40631a4f906c2bad353ed06de7a5d3fcb430,0,40000000000,250000,0,31982,1,58,0x3a4f40631a4f906c2bad353ed06de7a5d3fcb430,0x3a4f40631a4f906c2bad353ed06de7a5d3fcb430,PLA,18,0x3a4f40631a4f906c2bad353ed06de7a5d3fcb430,PlayDapp Token,PLA,18,0x2c1c879085887ef427681996299703fe9f891348,0x95a9bd206ae52c4ba8eecfc93d18eacdd41c88cc,6.62175E+22,,,,,,,,,,,,,,,,,,,,,,,,,,,,,,,,,,,,,,,,,,,,,,,,,,,,,,,,,
tx,ETH,12990977,12990977,0xba9a76aa690401fa86507284f3d435ec68d864060fe33b3730ec4f52fcc2bbec,59,1628512695,0x4078c6ae84c563aafd5c1104f621ce16a0a848ddf99d585f74b79226808c67c9,0.00127928,300,0xb652311235e5d9da2ce27b917966dd75989d1290,0x3a4f40631a4f906c2bad353ed06de7a5d3fcb430,0,40000000000,250000,0,31982,1,59,0x3a4f40631a4f906c2bad353ed06de7a5d3fcb430,0x3a4f40631a4f906c2bad353ed06de7a5d3fcb430,PLA,18,0x3a4f40631a4f906c2bad353ed06de7a5d3fcb430,PlayDapp Token,PLA,18,0xb652311235e5d9da2ce27b917966dd75989d1290,0x95a9bd206ae52c4ba8eecfc93d18eacdd41c88cc,6.72484E+21,,,,,,,,,,,,,,,,,,,,,,,,,,,,,,,,,,,,,,,,,,,,,,,,,,,,,,,,,
tx,ETH,12990977,12990977,0xba9a76aa690401fa86507284f3d435ec68d864060fe33b3730ec4f52fcc2bbec,60,1628512695,0xdf0127cefb24e1bdebbbb2bc2876f96d3ea9a7980ee88aba9ef7c5e9119ea551,0.00084,300,0x1588c1459834ae9fc6b09cac98331fd644f6c41f,0x330c0353468e026d02ba2971e50eee9c1a8b37a2,772,40000000000,21500,0.087639374,21000,,,,,,,,,,,,,,,,,,,,,,,,,,,,,,,,,,,,,,,,,,,,,,,,,,,,,,,,,,,,,,,,,,,,,,
tx,ETH,12990977,12990977,0xba9a76aa690401fa86507284f3d435ec68d864060fe33b3730ec4f52fcc2bbec,61,1628512695,0xc887a40325103c8f86576617abc8b8704de96b937cb4c1a06ba618475b3ae168,0.008325705,300,0xc59f4618db105ef6c7c1b45302b134d7d40dfee5,0xe592427a0aece92de3edee1f18e0157c05861564,73,39161544026,317010,0.82,212599,1,61,0xa0b86991c6218b36c1d19d4a2e9eb0ce3606eb48,0xa0b86991c6218b36c1d19d4a2e9eb0ce3606eb48,USDC,6,0xa0b86991c6218b36c1d19d4a2e9eb0ce3606eb48,USD Coin,USDC,6,0x88e6a0c2ddd26feeb64f039a2c41296fcb3f5640,0xe592427a0aece92de3edee1f18e0157c05861564,2553471372,61,1,1,0xe592427a0aece92de3edee1f18e0157c05861564,0xc02aaa39b223fe8d0a0e5c4f27ead9083c756cc2,0.82,23974,187157,61,0xc02aaa39b223fe8d0a0e5c4f27ead9083c756cc2,0xc02aaa39b223fe8d0a0e5c4f27ead9083c756cc2,WETH,18,0xc02aaa39b223fe8d0a0e5c4f27ead9083c756cc2,Wrapped Ether,WETH,18,0xe592427a0aece92de3edee1f18e0157c05861564,0x88e6a0c2ddd26feeb64f039a2c41296fcb3f5640,8.2E+17,61,0xe2dc070524a6e305ddb64d8513dc444b6a1ec845,0xe2dc070524a6e305ddb64d8513dc444b6a1ec845,NEX,8,0xe2dc070524a6e305ddb64d8513dc444b6a1ec845,Nash Exchange Token,NEX,8,0x727092c368dc04708d0db121350af351a363e53a,0xc59f4618db105ef6c7c1b45302b134d7d40dfee5,2.50964E+11,61,0xa0b86991c6218b36c1d19d4a2e9eb0ce3606eb48,0xa0b86991c6218b36c1d19d4a2e9eb0ce3606eb48,USDC,6,0xa0b86991c6218b36c1d19d4a2e9eb0ce3606eb48,USD Coin,USDC,6,0xe592427a0aece92de3edee1f18e0157c05861564,0x727092c368dc04708d0db121350af351a363e53a,2553471372,,,,,,,,,,,,,
tx,ETH,12990977,12990977,0xba9a76aa690401fa86507284f3d435ec68d864060fe33b3730ec4f52fcc2bbec,62,1628512695,0x9eb223364391b91dcad69218f6ac0c909fb60ed2e8901f66fcd01edf371ac85b,0.002057442,300,0xfbe89ff48cc321e583bdb945a809598d161409e0,0x8b3870df408ff4d7c3a26df852d41034eda11d81,520,39028789328,63000,0,52716,1,62,0x8b3870df408ff4d7c3a26df852d41034eda11d81,0x8b3870df408ff4d7c3a26df852d41034eda11d81,IOI,6,0x8b3870df408ff4d7c3a26df852d41034eda11d81,IOI Token ,IOI,6,0xfbe89ff48cc321e583bdb945a809598d161409e0,0x38710d3de7b7eac901d83c9b8969fec950b1e078,5000000,,,,,,,,,,,,,,,,,,,,,,,,,,,,,,,,,,,,,,,,,,,,,,,,,,,,,,,,,
tx,ETH,12990977,12990977,0xba9a76aa690401fa86507284f3d435ec68d864060fe33b3730ec4f52fcc2bbec,63,1628512695,0x9d88cdf1e6328b9588e600820d45c2b95a931e638fe708b6b1ad49f7f9252fad,0.001611051,300,0xb57e1a9ec7ed51c2f43d741d1716a9e6ecb7db13,0xdac17f958d2ee523a2206206994597c13d831ec7,2,39000000000,105000,0,41309,1,63,0xdac17f958d2ee523a2206206994597c13d831ec7,0xdac17f958d2ee523a2206206994597c13d831ec7,USDT,6,0xdac17f958d2ee523a2206206994597c13d831ec7,Tether USD,USDT,6,0xb57e1a9ec7ed51c2f43d741d1716a9e6ecb7db13,0x0a98fb70939162725ae66e626fe4b52cff62c2e5,50000000000,,,,,,,,,,,,,,,,,,,,,,,,,,,,,,,,,,,,,,,,,,,,,,,,,,,,,,,,,
tx,ETH,12990977,12990977,0xba9a76aa690401fa86507284f3d435ec68d864060fe33b3730ec4f52fcc2bbec,64,1628512695,0x85b265b081c36a138519e41743ef7c6753bf6fdefd799150453724bc7f20f750,0.001123629,300,0x7c7bcd11a4d961409b9724bd24b53f852935355c,0xcc8fa225d80b9c7d42f96e9570156c65d6caaa25,38,39000000000,43648,0,28811,1,64,0xcc8fa225d80b9c7d42f96e9570156c65d6caaa25,0xcc8fa225d80b9c7d42f96e9570156c65d6caaa25,SLP,0,0xcc8fa225d80b9c7d42f96e9570156c65d6caaa25,Smooth Love Potion,SLP,0,0x7c7bcd11a4d961409b9724bd24b53f852935355c,0x8da4754a56575d332629ca88df7419d49e833717,0,,,,,,,,,,,,,,,,,,,,,,,,,,,,,,,,,,,,,,,,,,,,,,,,,,,,,,,,,
tx,ETH,12990977,12990977,0xba9a76aa690401fa86507284f3d435ec68d864060fe33b3730ec4f52fcc2bbec,65,1628512695,0x19f8d81b9b4c7e37f810e7d6b5a54842a7e9a5c610bb737443dd04a7253cc1cd,0.008946249,300,0x46b25a55a174e43905871a3ae877b904b54d5d7b,0x7be8076f4ea4a4ad08075c2508e481d6c946d12b,9,39000000000,246372,2.1,229391,1,65,0xe785e82358879f061bc3dcac6f0444462d4b5330,0xe785e82358879f061bc3dcac6f0444462d4b5330,WOW,0,0xe785e82358879f061bc3dcac6f0444462d4b5330,World Of Women,WOW,0,0x30f0149363f860bd37015a77da1db8b5845545cc,0x46b25a55a174e43905871a3ae877b904b54d5d7b,9688,65,1,,0x7be8076f4ea4a4ad08075c2508e481d6c946d12b,0x5b3256965e7c3cf26e11fcaf296dfc8807c01073,0.1365,0,2300,,,,,,,,,,,,,,,,,,,,,,,,,,,,,,,,,,,,,65,1,0x7be8076f4ea4a4ad08075c2508e481d6c946d12b,0x30f0149363f860bd37015a77da1db8b5845545cc,1.9635,0,2300,RC721,1,,,,
tx,ETH,12990977,12990977,0xba9a76aa690401fa86507284f3d435ec68d864060fe33b3730ec4f52fcc2bbec,66,1628512695,0x5483f1e316189efbef644574c192bc8bfc05deedbb4fbb995e98788e1a399623,0.005306457,300,0xe1e839cbe83d2a626f09b62c219310b02ce3b494,0xe592427a0aece92de3edee1f18e0157c05861564,349,39000000000,188904,0,136063,1,66,0xc02aaa39b223fe8d0a0e5c4f27ead9083c756cc2,0xc02aaa39b223fe8d0a0e5c4f27ead9083c756cc2,WETH,18,0xc02aaa39b223fe8d0a0e5c4f27ead9083c756cc2,Wrapped Ether,WETH,18,0xbbd3cacec067f5f3a6c4c34f7931e66453438361,0xe592427a0aece92de3edee1f18e0157c05861564,4.79927E+17,66,1,1,0xc02aaa39b223fe8d0a0e5c4f27ead9083c756cc2,0xe592427a0aece92de3edee1f18e0157c05861564,0.479927274,83,2300,66,0x95aa5d2dbd3c16ee3fdea82d5c6ec3e38ce3314f,0x95aa5d2dbd3c16ee3fdea82d5c6ec3e38ce3314f,PXP,18,0x95aa5d2dbd3c16ee3fdea82d5c6ec3e38ce3314f,2,PXP,18,0xe1e839cbe83d2a626f09b62c219310b02ce3b494,0xbbd3cacec067f5f3a6c4c34f7931e66453438361,1E+22,,,,,,,,,,,,,,,,,,,,,,,,,66,1,0xe592427a0aece92de3edee1f18e0157c05861564,0xe1e839cbe83d2a626f09b62c219310b02ce3b494,0.479927274,0,32808,,,,,,
tx,ETH,12990977,12990977,0xba9a76aa690401fa86507284f3d435ec68d864060fe33b3730ec4f52fcc2bbec,67,1628512695,0xb74d4d3ad520143f67f5f09db375c8503bd544b1633351be125ee379f27e0f8e,0.000819,300,0x4e5b2e1dc63f6b91cb6cd759936495434c7e972f,0x0a1647c07dbbbcae19ffcad582f8cd982dc1c4c6,63614,39000000000,21000,0.2133679,21000,,,,,,,,,,,,,,,,,,,,,,,,,,,,,,,,,,,,,,,,,,,,,,,,,,,,,,,,,,,,,,,,,,,,,,
tx,ETH,12990977,12990977,0xba9a76aa690401fa86507284f3d435ec68d864060fe33b3730ec4f52fcc2bbec,68,1628512695,0xa1140e91393301aa91d80fb4452cdf20a76d202bbaf0cec055bb2b7bf83cc733,0.001795235,300,0xd8612a64ea99b85795f2e83b1d8f1b6a8b529818,0xdac17f958d2ee523a2206206994597c13d831ec7,1,38924460000,70000,0,46121,1,68,0xdac17f958d2ee523a2206206994597c13d831ec7,0xdac17f958d2ee523a2206206994597c13d831ec7,USDT,6,0xdac17f958d2ee523a2206206994597c13d831ec7,Tether USD,USDT,6,0xd8612a64ea99b85795f2e83b1d8f1b6a8b529818,0xb8c19f6af319efc0242ebeba5ee2478458d8b326,4598000000,,,,,,,,,,,,,,,,,,,,,,,,,,,,,,,,,,,,,,,,,,,,,,,,,,,,,,,,,
tx,ETH,12990977,12990977,0xba9a76aa690401fa86507284f3d435ec68d864060fe33b3730ec4f52fcc2bbec,69,1628512695,0x97e3ae62e7878fcfabfea81ee539c4ba008f2e0f179ae04ad3df347f34b2803d,0.002092562,300,0x0031e147a79c45f24319dc02ca860cb6142fcba1,0xa4380320458a337ec6f8811cfe87844ae73101ba,742260,38390000000,500000,0,54508,1,69,0xa0b86991c6218b36c1d19d4a2e9eb0ce3606eb48,0xa0b86991c6218b36c1d19d4a2e9eb0ce3606eb48,USDC,6,0xa0b86991c6218b36c1d19d4a2e9eb0ce3606eb48,USD Coin,USDC,6,0xa4380320458a337ec6f8811cfe87844ae73101ba,0xffec0067f5a79cff07527f63d83dd5462ccf8ba4,24999000000,,,,,,,,,,,,,,,,,,,,,,,,,,,,,,,,,,,,,,,,,,,,,,,,,,,,,,,,,
tx,ETH,12990977,12990977,0xba9a76aa690401fa86507284f3d435ec68d864060fe33b3730ec4f52fcc2bbec,70,1628512695,0xc5d6122692309df63f9f95cc3e1bd92868d61106c97afd42abf41cb5ea06702f,0.008773881,300,0x0031e147a79c45f24319dc02ca860cb6142fcba1,0xf6ed0382e8b33efa44c4de2ef02ddb34a234035c,742261,38390000000,500000,0,228546,,,,,,,,,,,,,,70,,1,0x0031e147a79c45f24319dc02ca860cb6142fcba1,0xf6ed0382e8b33efa44c4de2ef02ddb34a234035c,0,164582,436036,,,,,,,,,,,,,,,,,,,,,,,,,,,,,,,,,,,,,,,,,,,,,,1,1,,
tx,ETH,12990977,12990977,0xba9a76aa690401fa86507284f3d435ec68d864060fe33b3730ec4f52fcc2bbec,71,1628512695,0x14439d20ab2758ed695b5bb42829d8e89d107c388b836b7bcb1c1c295f5cf531,0.001989559,300,0x98616d3c572eadbf8e92a7e1613d122f60420865,0x95ad61b0a150d79219dcf64e1e6cc01f0b64c4ce,36,38355906479,77806,0,51871,1,71,0x95ad61b0a150d79219dcf64e1e6cc01f0b64c4ce,0x95ad61b0a150d79219dcf64e1e6cc01f0b64c4ce,SHIB,18,0x95ad61b0a150d79219dcf64e1e6cc01f0b64c4ce,SHIBA INU,SHIB,18,0x98616d3c572eadbf8e92a7e1613d122f60420865,0x57986185b15ee088914ef5f0213874998d998d1a,5E+24,,,,,,,,,,,,,,,,,,,,,,,,,,,,,,,,,,,,,,,,,,,,,,,,,,,,,,,,,
tx,ETH,12990977,12990977,0xba9a76aa690401fa86507284f3d435ec68d864060fe33b3730ec4f52fcc2bbec,72,1628512695,0x8a543f1b0348e892b1bd6a0c5cf5a95f7e4f9632ae51f90512fb574b32cea1bb,0.00196539,300,0x51451b31c5b5f0045d6c30a897ac4894a1ba0c05,0x8ce9137d39326ad0cd6491fb5cc0cba0e089b6a9,146,38200000000,67500,0,51450,1,72,0x8ce9137d39326ad0cd6491fb5cc0cba0e089b6a9,0x8ce9137d39326ad0cd6491fb5cc0cba0e089b6a9,SXP,18,0x8ce9137d39326ad0cd6491fb5cc0cba0e089b6a9,Swipe,SXP,18,0x51451b31c5b5f0045d6c30a897ac4894a1ba0c05,0x3e425526c9800d5929021b10499d1bc14c056c77,3.98621E+20,,,,,,,,,,,,,,,,,,,,,,,,,,,,,,,,,,,,,,,,,,,,,,,,,,,,,,,,,
tx,ETH,12990977,12990977,0xba9a76aa690401fa86507284f3d435ec68d864060fe33b3730ec4f52fcc2bbec,73,1628512695,0x49d41268890235cb9f45249b70bfde2793a16440c964223836dd0e8243ec6fb4,0.003752424,300,0x4fc15fe7210ea94a155f7487eced43f2c3f3192d,0x5d3a536e4d6dbd6114cc1ead35777bab948e3643,29,38000000000,100000,0,98748,1,,,,,,,,,,,,,,,,,,,,,,,,,,,,,,,,,,,,,,,,,,,,,,,,,,,,,,,,,,,,,,,,,,,,Out of gas,Err status 0x0
tx,ETH,12990977,12990977,0xba9a76aa690401fa86507284f3d435ec68d864060fe33b3730ec4f52fcc2bbec,74,1628512695,0x75d485da4045463673ec90b0aaf1593952e4e1efcef2378943eae0107cddfbe6,0.001795082,300,0x6ca0cb9568f9c6b8bd71725a5ca008108cf04717,0xf53c24f7729c88c110265929c7124e6259efccab,1,38000000000,47239,0,47239,1,,,,,,,,,,,,,,,,,,,,,,,,,,,,,,,,,,,,,,,,,,,,,,,,,,,,,,,,,,,,,,,,,,,,,
tx,ETH,12990977,12990977,0xba9a76aa690401fa86507284f3d435ec68d864060fe33b3730ec4f52fcc2bbec,75,1628512695,0x678f78f427456520da8ad5da5d3507360b6d1931c8bd2e229e2ca6a1dac22ec1,0.012180976,300,0x6ca0cb9568f9c6b8bd71725a5ca008108cf04717,0x881d40237659c251811cec9c364ef91dc08d300c,2,38000000000,1650000,0,320552,1,,,,,,,,,,,,,,,,,,,,,,,,,,,,,,,,,,,,,,,,,,,,,,,,,,,,,,,,,,,,,,,,,,,,Reverted,Err status 0x0
tx,ETH,12990977,12990977,0xba9a76aa690401fa86507284f3d435ec68d864060fe33b3730ec4f52fcc2bbec,76,1628512695,0xc95f76027ce6c14331830598718759b1104dde8af58cc1826f625eb4ce20c34a,0.002953442,300,0x44cef23c9cad7d80f5b4d161b1f9c8da0844a476,0x7be8076f4ea4a4ad08075c2508e481d6c946d12b,40,37869005890,77991,0,77991,1,,,,,,,,,,,,,,,,,,,,,,,,,,,,,,,,,,,,,,,,,,,,,,,,,,,,,,,,,,,,,,,,,,,,,
tx,ETH,12990977,12990977,0xba9a76aa690401fa86507284f3d435ec68d864060fe33b3730ec4f52fcc2bbec,77,1628512695,0x3d3fbc09ccdf3fd192375a010e067ac1b5cff0f08053abd163b4e5a6e61380cd,0.00372,300,0x376de73b0432fbd95046a41cc0501adc40285415,0xff20817765cb7f73d4bde2e66e067e58d11095c2,1,37200000000,100000,0,100000,1,,,,,,,,,,,,,,,,,,,,,,,,,,,,,,,,,,,,,,,,,,,,,,,,,,,,,,,,,,,,,,,,,,,,Out of gas,Err status 0x0
tx,ETH,12990977,12990977,0xba9a76aa690401fa86507284f3d435ec68d864060fe33b3730ec4f52fcc2bbec,78,1628512695,0x6a7033e5c15660304f9555242d86884cad08d3bfcf108cc04d07aad1ca6bcbcc,0.000777,300,0xae45a8240147e6179ec7c9f92c5a18f9a97b3fca,0x8ed718cae4e97b8f871d1663555f8df54c2afaa9,550490,37000000000,21000,0.002047247,21000,,,,,,,,,,,,,,,,,,,,,,,,,,,,,,,,,,,,,,,,,,,,,,,,,,,,,,,,,,,,,,,,,,,,,,
tx,ETH,12990977,12990977,0xba9a76aa690401fa86507284f3d435ec68d864060fe33b3730ec4f52fcc2bbec,79,1628512695,0x3a6cbf25499fe00257b9c199c9587b2dd314598d27d2632286afff9dd7527d2d,0.000777,300,0x340d693ed55d7ba167d184ea76ea2fd092a35bdc,0x3f3be5d7ad35dcf4dd3d4ee133cf1c1deeae06b3,691922,37000000000,21000,0.210280273,21000,,,,,,,,,,,,,,,,,,,,,,,,,,,,,,,,,,,,,,,,,,,,,,,,,,,,,,,,,,,,,,,,,,,,,,
tx,ETH,12990977,12990977,0xba9a76aa690401fa86507284f3d435ec68d864060fe33b3730ec4f52fcc2bbec,80,1628512695,0xd34f7c89da413cda3c802f086a8e1f97a20ccde87bab82fb43b7ea107cac6ac4,0.000777,300,0x340d693ed55d7ba167d184ea76ea2fd092a35bdc,0x1085cbc28234d374fb5d18da922cca95f4bb4d7e,691923,37000000000,21000,0.185034296,21000,,,,,,,,,,,,,,,,,,,,,,,,,,,,,,,,,,,,,,,,,,,,,,,,,,,,,,,,,,,,,,,,,,,,,,
tx,ETH,12990977,12990977,0xba9a76aa690401fa86507284f3d435ec68d864060fe33b3730ec4f52fcc2bbec,81,1628512695,0x17ba5b0e053a22db48fea6993d633973df653f2ff51e24006a8f9cc34767fa23,0.000777,300,0x493e782ea2cc2418dc4188f313639de4d6a7f7a9,0xfbc045e9e9919a56ef7083f1026ec7107875a89e,32,37000000000,21000,0,21000,,,,,,,,,,,,,,,,,,,,,,,,,,,,,,,,,,,,,,,,,,,,,,,,,,,,,,,,,,,,,,,,,,,,,,
tx,ETH,12990977,12990977,0xba9a76aa690401fa86507284f3d435ec68d864060fe33b3730ec4f52fcc2bbec,82,1628512695,0x6409e98a2ffbf43d1f84566f7e376ae71ced019e40508d8b57db591fa277d6ac,0.001701063,300,0x9d8d4d1e47f85c2b819f4ea26aba1ee9ba2bc018,0xc02aaa39b223fe8d0a0e5c4f27ead9083c756cc2,258,36698807604,46352,0,46352,1,,,,,,,,,,,,,,,,,,,,,,,,,,,,,,,,,,,,,,,,,,,,,,,,,,,,,,,,,,,,,,,,,,,,,
tx,ETH,12990977,12990977,0xba9a76aa690401fa86507284f3d435ec68d864060fe33b3730ec4f52fcc2bbec,83,1628512695,0x1934783c4679c47b1805815ccc9a611147b50c1ecf490f29ee1364039c5eab49,0.0007644,300,0x065dab2585a840ba27d2dd3e11662568d3a3d969,0x5e2c83b4b7ea6dc767ede8e281953743fe8db5d8,1,36400000000,21000,2,21000,,,,,,,,,,,,,,,,,,,,,,,,,,,,,,,,,,,,,,,,,,,,,,,,,,,,,,,,,,,,,,,,,,,,,,
tx,ETH,12990977,12990977,0xba9a76aa690401fa86507284f3d435ec68d864060fe33b3730ec4f52fcc2bbec,84,1628512695,0x69c994ac277b08e61049b46a6125540005bc6fa7bd9c951d9ff34db08fc03ba9,0.001678368,300,0xe6fe139fa6ce97288d2521e75907abdb9babcd90,0xdac17f958d2ee523a2206206994597c13d831ec7,0,36400000000,100000,0,46109,1,84,0xdac17f958d2ee523a2206206994597c13d831ec7,0xdac17f958d2ee523a2206206994597c13d831ec7,USDT,6,0xdac17f958d2ee523a2206206994597c13d831ec7,Tether USD,USDT,6,0xe6fe139fa6ce97288d2521e75907abdb9babcd90,0xd4fd7edebc0589a85234151112212cd15e264c80,10000000000,,,,,,,,,,,,,,,,,,,,,,,,,,,,,,,,,,,,,,,,,,,,,,,,,,,,,,,,,
tx,ETH,12990977,12990977,0xba9a76aa690401fa86507284f3d435ec68d864060fe33b3730ec4f52fcc2bbec,85,1628512695,0xef867b9b9ceefe9727089e0ef59961e505ba4a2f4c15633f01a583db494d7ba9,0.007936124,300,0x2c30cc2ede19ac4fee05eebb3766784fdfc47700,0x7a250d5630b4cf539739df2c5dacb4c659f2488d,72,36300000000,269343,0,218626,1,85,0x382f0160c24f5c515a19f155bac14d479433a407,0x382f0160c24f5c515a19f155bac14d479433a407,KLEE,9,0x382f0160c24f5c515a19f155bac14d479433a407,Klee Kai,KLEE,9,0x2c30cc2ede19ac4fee05eebb3766784fdfc47700,0x8044e86ca1963e099a7e70594d72bc96a088fed2,9.3394E+21,,,,,,,,,85,0xc02aaa39b223fe8d0a0e5c4f27ead9083c756cc2,0xc02aaa39b223fe8d0a0e5c4f27ead9083c756cc2,WETH,18,0xc02aaa39b223fe8d0a0e5c4f27ead9083c756cc2,Wrapped Ether,WETH,18,0x8044e86ca1963e099a7e70594d72bc96a088fed2,0x9cbfb60a09a9a33a10312da0f39977cbdb7fde23,2.82606E+17,85,0x8b3192f5eebd8579568a2ed41e6feb402f93f73f,0x8b3192f5eebd8579568a2ed41e6feb402f93f73f,SAITAMA,9,0x8b3192f5eebd8579568a2ed41e6feb402f93f73f,Saitama Inu,SAITAMA,9,0x9cbfb60a09a9a33a10312da0f39977cbdb7fde23,0x2c30cc2ede19ac4fee05eebb3766784fdfc47700,5.10881E+20,,,,,,,,,,,,,,,,,,,,,,,,,
tx,ETH,12990977,12990977,0xba9a76aa690401fa86507284f3d435ec68d864060fe33b3730ec4f52fcc2bbec,86,1628512695,0x0746c94a49901aa7229b0b4bc04900745ac5b3c0484136cc5fe6e78ebfeff8d2,0.007558023,300,0x469d796b8850302f84763fc329cb584ec9008328,0x7a250d5630b4cf539739df2c5dacb4c659f2488d,160,36300000000,256646,0,208210,1,86,0x4a6be56a211a4c4e0dd4474d524138933c17f3e3,0x4a6be56a211a4c4e0dd4474d524138933c17f3e3,BHIBA,9,0x4a6be56a211a4c4e0dd4474d524138933c17f3e3,Baby Shiba,BHIBA,9,0x469d796b8850302f84763fc329cb584ec9008328,0x6f6e2080b10acd8e52c914fb5ac190ec00b3d805,9.81844E+16,,,,,,,,,86,0xc02aaa39b223fe8d0a0e5c4f27ead9083c756cc2,0xc02aaa39b223fe8d0a0e5c4f27ead9083c756cc2,WETH,18,0xc02aaa39b223fe8d0a0e5c4f27ead9083c756cc2,Wrapped Ether,WETH,18,0x6f6e2080b10acd8e52c914fb5ac190ec00b3d805,0x9cbfb60a09a9a33a10312da0f39977cbdb7fde23,8.51546E+16,86,0x8b3192f5eebd8579568a2ed41e6feb402f93f73f,0x8b3192f5eebd8579568a2ed41e6feb402f93f73f,SAITAMA,9,0x8b3192f5eebd8579568a2ed41e6feb402f93f73f,Saitama Inu,SAITAMA,9,0x9cbfb60a09a9a33a10312da0f39977cbdb7fde23,0x469d796b8850302f84763fc329cb584ec9008328,1.53815E+20,,,,,,,,,,,,,,,,,,,,,,,,,
tx,ETH,12990977,12990977,0xba9a76aa690401fa86507284f3d435ec68d864060fe33b3730ec4f52fcc2bbec,87,1628512695,0x34f5ffd9c805eddb9086fe4f20eea590f74363386140537cc0b97df8909f8b29,0.0007623,300,0x80fad32574ae7b508b89998deacf18d9f50726c0,0x1b2848db6ccbbaa34ac8825c9aa848dc6f97f945,65,36300000000,21000,0.003210871,21000,,,,,,,,,,,,,,,,,,,,,,,,,,,,,,,,,,,,,,,,,,,,,,,,,,,,,,,,,,,,,,,,,,,,,,